,지역,24시~1시,1시~2시,2시~3시,3시~4시,4시~5시,5시~6시,6시~7시,7시~8시,8시~9시,9시~10시,10시~11시,11시~12시,12시~13시,13시~14시,14시~15시,15시~16시,16시~17시,17시~18시,18시~19시,19시~20시,20시~21시,21시~22시,22시~23시,23시~24시,총합
0,서울 강남구 개포동,251089.0,35997.0,6901.0,4875.0,152635.0,557750.0,1388171.0,2921897.0,4243153.0,2805515.0,2106288.0,1914085.0,2083169.0,2298472.0,2321289.0,2733126.0,3463550.0,3533377.0,3682071.0,2525657.0,1774474.0,1743275.0,1647730.0,719204.0,44913750.0
1,서울 강남구 논현동,172890.0,3904.0,3344.0,1496.0,96125.0,588043.0,946624.0,1986855.0,4585633.0,4574348.0,2467630.0,1764672.0,1766407.0,1961158.0,2023669.0,2197186.0,2351817.0,3040351.0,4308835.0,2912413.0,1853416.0,1835306.0,1540303.0,746499.0,43728924.0
2,서울 강남구 대치동,409771.0,81432.0,28240.0,22545.0,124141.0,560532.0,1198021.0,3379724.0,5332678.0,3923200.0,2751157.0,2523894.0,2989926.0,3560535.0,3419260.0,4096700.0,5190693.0,5580283.0,5616239.0,3849021.0,2716934.0,3310529.0,3685840.0,1101011.0,65452306.0
3,서울 강남구 도곡동,239179.0,29782.0,4970.0,1563.0,73371.0,405362.0,1003364.0,2796380.0,4370947.0,3027282.0,1952520.0,1777771.0,1888593.0,2078918.0,2080082.0,2367831.0,2799785.0,3257728.0,3906769.0,2398727.0,1716157.0,1673157.0,1543348.0,631551.0,42025137.0
4,서울 강남구 삼성동,427957.0,111524.0,64483.0,67636.0,205162.0,950870.0,1739499.0,4114220.0,8543022.0,6091907.0,3411806.0,2895828.0,3064822.0,3384365.0,3317124.0,3621847.0,4109290.0,5294303.0,7069885.0,4087331.0,2855543.0,2810962.0,2458428.0,1104971.0,71802785.0
5,서울 강남구 세곡동,89310.0,28888.0,5326.0,0.0,30514.0,179349.0,566646.0,1334571.0,1721988.0,923012.0,680802.0,608945.0,714453.0,733342.0,722957.0,943231.0,1184393.0,1184928.0,1365562.0,1003973.0,671733.0,602175.0,579327.0,285825.0,16161250.0
6,서울 강남구 수서동,103967.0,22022.0,2514.0,400.0,48927.0,158915.0,480453.0,955175.0,1343808.0,907485.0,676426.0,641037.0,758540.0,775655.0,734851.0,978442.0,1157783.0,1250444.0,1570168.0,1120853.0,819533.0,749426.0,669663.0,333030.0,16259517.0
7,서울 강남구 신사동,211810.0,11952.0,3938.0,3432.0,102982.0,664606.0,668527.0,1217357.0,2382041.0,2414499.0,1549811.0,1443231.0,1503954.0,1697129.0,1802217.0,1948227.0,2085423.0,2445828.0,3162282.0,2350224.0,1725770.0,1619200.0,1397591.0,710734.0,33122765.0
8,서울 강남구 압구정동,80916.0,1509.0,0.0,0.0,46238.0,140612.0,197173.0,465004.0,688506.0,691848.0,530883.0,529266.0,577376.0,661521.0,678473.0,778793.0,872549.0,903537.0,976710.0,779638.0,587223.0,588260.0,532866.0,241785.0,11550686.0
9,서울 강남구 역삼동,944609.0,337861.0,223985.0,185512.0,327060.0,1210101.0,2194435.0,5191362.0,9032577.0,7656509.0,4894155.0,4142840.0,4534276.0,5036742.0,4917769.0,5279589.0,5810342.0,7402732.0,9161760.0,6315392.0,4429852.0,4517397.0,4280474.0,2131822.0,100159153.0
10,서울 강남구 일원동,80875.0,10825.0,1478.0,240.0,32127.0,127318.0,536464.0,1340014.0,1391594.0,937071.0,807166.0,732581.0,805158.0,880127.0,918215.0,1127318.0,1424446.0,1434838.0,1331972.0,1004129.0,735863.0,695594.0,723742.0,314753.0,17393908.0
11,서울 강남구 청담동,164123.0,30260.0,25769.0,25157.0,91754.0,469551.0,698939.0,1244139.0,2951047.0,2848477.0,1635026.0,1282984.0,1277489.0,1425400.0,1444296.0,1565533.0,1755598.0,2086906.0,2933530.0,1961726.0,1368070.0,1365513.0,1175722.0,560442.0,30387451.0
12,서울 강동구 강일동,114719.0,43658.0,11050.0,9112.0,90769.0,211456.0,481236.0,1168785.0,1114434.0,634702.0,507750.0,479921.0,526320.0,542302.0,520375.0,606022.0,738888.0,754787.0,855966.0,814015.0,534072.0,468292.0,431621.0,249352.0,11909604.0
13,서울 강동구 고덕동,38222.0,11316.0,3092.0,3764.0,44341.0,89821.0,244275.0,647447.0,698383.0,428302.0,364244.0,321214.0,346740.0,367130.0,350944.0,441781.0,544891.0,473899.0,518288.0,403989.0,268151.0,246237.0,222167.0,100249.0,7178887.0
14,서울 강동구 길동,61185.0,12994.0,7696.0,8320.0,39486.0,144819.0,290723.0,618209.0,772059.0,581019.0,450138.0,422519.0,465230.0,488808.0,474928.0,541052.0,620106.0,618603.0,715332.0,569476.0,400916.0,381681.0,390675.0,188271.0,9264245.0
15,서울 강동구 둔촌동,47072.0,1803.0,0.0,0.0,21865.0,85462.0,329255.0,805967.0,946673.0,571640.0,411252.0,360236.0,406658.0,415181.0,407298.0,479452.0,569909.0,620807.0,751797.0,573264.0,403984.0,380630.0,363306.0,169855.0,9123366.0
16,서울 강동구 명일동,129116.0,33826.0,12846.0,12082.0,60574.0,211519.0,474842.0,1306980.0,1416323.0,1030905.0,870640.0,843021.0,958553.0,978503.0,970876.0,1177498.0,1457030.0,1323531.0,1358699.0,1100932.0,810758.0,807588.0,766129.0,338848.0,18451619.0
17,서울 강동구 상일동,135612.0,41211.0,8008.0,8330.0,49572.0,196030.0,534067.0,1427088.0,1425633.0,893169.0,722218.0,715804.0,798843.0,840708.0,837206.0,1044693.0,1295229.0,1304856.0,1457946.0,1227978.0,852845.0,790933.0,796414.0,354845.0,17759238.0
18,서울 강동구 성내동,154964.0,21818.0,18076.0,11650.0,47121.0,292234.0,553523.0,1222882.0,1766436.0,1165567.0,867712.0,823092.0,887826.0,972127.0,982908.0,1115884.0,1321731.0,1529345.0,1922542.0,1355286.0,964733.0,911765.0,876383.0,446070.0,20231675.0
19,서울 강동구 암사동,123056.0,20169.0,5390.0,7964.0,60777.0,220062.0,678803.0,1742750.0,2053867.0,1353372.0,946315.0,879726.0,942630.0,983164.0,946392.0,1048923.0,1316827.0,1316698.0,1444148.0,1193314.0,835748.0,758448.0,740704.0,344745.0,19963992.0
20,서울 강동구 천호동,284850.0,62615.0,40374.0,20712.0,81041.0,423486.0,808143.0,1624261.0,2135146.0,1589820.0,1305751.0,1302057.0,1385164.0,1519477.0,1516604.0,1749633.0,2053540.0,2195595.0,2473509.0,2070682.0,1530747.0,1405738.0,1223963.0,780546.0,29583454.0
21,서울 강북구 미아동,126769.0,50230.0,12972.0,9858.0,213969.0,370902.0,514587.0,906380.0,1450008.0,1104000.0,948266.0,1094081.0,1136650.0,1147146.0,1260009.0,1341517.0,1443918.0,1487720.0,1465800.0,1142317.0,787556.0,646406.0,570298.0,339196.0,19570555.0
22,서울 강북구 번동,666195.0,212468.0,47086.0,47912.0,548515.0,1172090.0,2056387.0,4590171.0,6400156.0,4252082.0,3464009.0,3429532.0,3697565.0,3809957.0,3908526.0,4364582.0,4985251.0,5460948.0,6308406.0,5088767.0,3627255.0,3187488.0,2833737.0,1754553.0,75913638.0
23,서울 강북구 삼각산동,26402.0,0.0,0.0,0.0,80425.0,95376.0,192042.0,439087.0,448309.0,271587.0,237980.0,209187.0,238743.0,258633.0,266985.0,320447.0,401474.0,378480.0,383585.0,311064.0,219615.0,188474.0,175393.0,120164.0,5263452.0
24,서울 강북구 삼양동,123887.0,52836.0,80.0,0.0,137308.0,175323.0,251337.0,629137.0,744901.0,472794.0,440859.0,451036.0,482563.0,510484.0,554742.0,695666.0,759896.0,763656.0,772413.0,681991.0,520344.0,455482.0,411279.0,229139.0,10317153.0
25,서울 강북구 송중동,173067.0,41654.0,12263.0,10238.0,176796.0,509248.0,933129.0,2209107.0,2895339.0,1873144.0,1537736.0,1497414.0,1550067.0,1627408.0,1648628.0,1930018.0,2227881.0,2294507.0,2521403.0,2093157.0,1472850.0,1309044.0,1187805.0,656027.0,32387930.0
26,서울 강북구 송천동,598502.0,184997.0,36652.0,31841.0,597328.0,1083944.0,1368446.0,2769628.0,4022782.0,3030478.0,2558549.0,2602929.0,2856485.0,3005384.0,3066810.0,3568407.0,4007499.0,4075191.0,4355979.0,3629720.0,2736046.0,2401861.0,2186001.0,1281754.0,56057213.0
27,서울 강북구 수유동,244449.0,48505.0,320.0,22703.0,343825.0,589379.0,977003.0,2320067.0,2959724.0,2041877.0,1680738.0,1620199.0,1760770.0,1806711.0,1817280.0,2047991.0,2262861.0,2337755.0,2485532.0,2100622.0,1508519.0,1319907.0,1134763.0,664606.0,34096106.0
28,서울 강북구 우이동,101257.0,21028.0,5050.0,4510.0,149339.0,162036.0,328554.0,738587.0,1066275.0,728695.0,661560.0,682858.0,746904.0,800158.0,839063.0,881827.0,953917.0,951501.0,946276.0,711054.0,536944.0,459949.0,380179.0,194486.0,13052007.0
29,서울 강북구 인수동,51398.0,8792.0,0.0,0.0,117874.0,126356.0,216748.0,492034.0,649303.0,405881.0,342192.0,342729.0,361270.0,392482.0,370922.0,425054.0,458837.0,464528.0,458339.0,374330.0,281563.0,234971.0,225523.0,114406.0,6915532.0
30,서울 강서구 가양동,157478.0,17716.0,11693.0,9103.0,149471.0,323956.0,705727.0,1889459.0,3192507.0,1958952.0,1340511.0,1347857.0,1477716.0,1614585.0,1556052.0,1793533.0,2071006.0,2363855.0,3011941.0,1891733.0,1392385.0,1318853.0,1144154.0,485166.0,31225409.0
31,서울 강서구 공항동,62590.0,9713.0,1008.0,730.0,147732.0,192422.0,371825.0,760176.0,1089135.0,725541.0,619368.0,629369.0,681617.0,737748.0,695546.0,749625.0,809539.0,900470.0,1051159.0,677765.0,553436.0,520642.0,448590.0,166633.0,12602379.0
32,서울 강서구 등촌동,146919.0,30166.0,14487.0,14375.0,157124.0,405754.0,710238.0,1938297.0,2584918.0,1724274.0,1271661.0,1285653.0,1444569.0,1522111.0,1541217.0,1862382.0,2259933.0,2157813.0,2578498.0,2023895.0,1411610.0,1352148.0,1210347.0,574153.0,30222542.0
33,서울 강서구 발산동,59662.0,15669.0,14469.0,11262.0,42694.0,145993.0,340716.0,930770.0,1150732.0,802161.0,698381.0,684447.0,734969.0,759778.0,794509.0,953464.0,1016191.0,970382.0,998090.0,776697.0,542228.0,518648.0,468556.0,190636.0,13621104.0
34,서울 강서구 방화동,101233.0,20789.0,6345.0,5955.0,171792.0,272593.0,577602.0,1418254.0,1700085.0,1039112.0,914045.0,929873.0,1009186.0,1095007.0,1052971.0,1200659.0,1352590.0,1456432.0,1653790.0,1138870.0,805739.0,699891.0,563214.0,242881.0,19428908.0
35,서울 강서구 염창동,32360.0,0.0,0.0,0.0,3840.0,110096.0,273437.0,682980.0,894944.0,599847.0,409437.0,388876.0,428462.0,466288.0,460312.0,554476.0,676661.0,732548.0,948934.0,690800.0,460538.0,457524.0,452597.0,180889.0,9905846.0
36,서울 강서구 우장산동,33048.0,5134.0,2827.0,2650.0,33105.0,54190.0,158197.0,359282.0,504694.0,361782.0,272399.0,258963.0,285497.0,298445.0,297598.0,343207.0,381988.0,384433.0,439898.0,315454.0,245691.0,214743.0,192588.0,78970.0,5524783.0
37,서울 강서구 화곡동,662157.0,74038.0,39351.0,41020.0,801825.0,1598250.0,3020850.0,7182699.0,9306440.0,5974226.0,4356080.0,4175862.0,4483145.0,4679533.0,4594588.0,5207426.0,5918858.0,6500606.0,7922364.0,6492451.0,4580576.0,4221675.0,3855558.0,2062308.0,97751886.0
38,서울 관악구 낙성대동,167336.0,30854.0,25854.0,26147.0,148197.0,415610.0,557681.0,929076.0,1569579.0,1297065.0,1011518.0,986387.0,1203526.0,1246635.0,1213226.0,1368504.0,1597053.0,1917926.0,2193524.0,1717548.0,1363928.0,1318397.0,1193228.0,726598.0,24225397.0
39,서울 관악구 난곡동,85102.0,384.0,0.0,0.0,135986.0,237070.0,344017.0,842515.0,924390.0,616633.0,463731.0,419656.0,465314.0,469910.0,470651.0,558940.0,657873.0,652078.0,743948.0,666265.0,469580.0,426485.0,373074.0,226998.0,10250600.0
40,서울 관악구 난향동,47249.0,288.0,0.0,8987.0,91926.0,129413.0,204683.0,542071.0,506507.0,343860.0,302433.0,273997.0,310758.0,307902.0,312175.0,391561.0,455296.0,448882.0,482914.0,412464.0,293474.0,249253.0,209114.0,118585.0,6443792.0
41,서울 관악구 남현동,39917.0,21248.0,13289.0,18088.0,64652.0,209231.0,235097.0,407905.0,558228.0,408834.0,280224.0,252410.0,269450.0,278443.0,251843.0,270101.0,291026.0,291276.0,309735.0,246069.0,186102.0,175973.0,163163.0,83659.0,5325963.0
42,서울 관악구 대학동,230446.0,2158.0,0.0,0.0,75498.0,424086.0,782921.0,1433177.0,2411860.0,2666291.0,2111753.0,1583934.0,2073471.0,2169784.0,1793430.0,2128593.0,2249230.0,2618613.0,2813876.0,2161694.0,1730760.0,1583522.0,1515021.0,979632.0,35539750.0
43,서울 관악구 미성동,107679.0,12124.0,16166.0,18867.0,182289.0,370345.0,527311.0,1123340.0,1584684.0,1076864.0,763075.0,705300.0,763399.0,767921.0,772264.0,902984.0,1095792.0,1115399.0,1321558.0,1118778.0,744967.0,672299.0,564369.0,317386.0,16645160.0
44,서울 관악구 보라매동,69171.0,16277.0,11932.0,10286.0,129693.0,357187.0,510250.0,1119856.0,1663035.0,1128085.0,896619.0,942759.0,1017587.0,1114713.0,1163272.0,1282446.0,1401943.0,1496251.0,1836538.0,1414078.0,1127106.0,953419.0,765743.0,345039.0,20773285.0
45,서울 관악구 삼성동,87309.0,2877.0,4746.0,2205.0,25672.0,220283.0,362052.0,925092.0,1039134.0,656241.0,606573.0,599004.0,645937.0,676392.0,691744.0,830497.0,1054313.0,955945.0,1015406.0,862550.0,646252.0,545585.0,481885.0,304022.0,13241716.0
46,서울 관악구 서림동,40850.0,3856.0,11004.0,8442.0,15806.0,145641.0,276191.0,526388.0,623825.0,454225.0,350074.0,337863.0,387579.0,404657.0,400037.0,462728.0,527259.0,567564.0,635470.0,532862.0,426210.0,376577.0,341389.0,220740.0,8077237.0
47,서울 관악구 서원동,159562.0,25355.0,34675.0,28979.0,51693.0,521302.0,1115708.0,2223978.0,2764839.0,2027630.0,1433359.0,1285814.0,1363418.0,1423348.0,1385209.0,1573962.0,1784668.0,1999544.0,2415133.0,2137097.0,1606444.0,1487067.0,1341559.0,834634.0,31024977.0
48,서울 관악구 성현동,33111.0,223.0,0.0,0.0,66149.0,222655.0,441029.0,1143510.0,1534203.0,946960.0,739837.0,680101.0,738053.0,767253.0,813476.0,965751.0,1094349.0,1130416.0,1346116.0,1206758.0,806926.0,742626.0,724242.0,410076.0,16553820.0
49,서울 관악구 신림동,219943.0,40970.0,43652.0,35480.0,70548.0,570712.0,924367.0,2000469.0,2765484.0,1946062.0,1295364.0,1191961.0,1304296.0,1316982.0,1328141.0,1478479.0,1692858.0,1923213.0,2487672.0,2118699.0,1558789.0,1478528.0,1335731.0,790460.0,29918860.0
50,서울 관악구 신사동,61835.0,2384.0,2750.0,1841.0,43689.0,192860.0,390268.0,909475.0,1247974.0,805795.0,528239.0,461295.0,488042.0,500331.0,484240.0,582199.0,694019.0,808930.0,995455.0,833853.0,607956.0,583743.0,532125.0,295043.0,12054341.0
51,서울 관악구 신원동,13811.0,0.0,0.0,0.0,0.0,24862.0,97028.0,211260.0,309495.0,243637.0,175372.0,169489.0,181010.0,189102.0,198252.0,214184.0,246517.0,252040.0,276458.0,232307.0,184624.0,160055.0,138140.0,85674.0,3603317.0
52,서울 관악구 은천동,53944.0,15045.0,15355.0,12356.0,96738.0,228955.0,367544.0,920088.0,1155799.0,758028.0,600183.0,593859.0,677802.0,720235.0,725809.0,858683.0,1019049.0,1004024.0,1157537.0,968424.0,718274.0,650623.0,579670.0,301693.0,14199717.0
53,서울 관악구 인헌동,33151.0,7855.0,6405.0,7616.0,28632.0,107558.0,413888.0,880389.0,1371169.0,1071302.0,742512.0,623484.0,720767.0,728868.0,693576.0,781498.0,910587.0,1045675.0,1217910.0,974949.0,732706.0,730729.0,683697.0,397552.0,14912475.0
54,서울 관악구 조원동,215844.0,21769.0,27176.0,25640.0,215326.0,736636.0,1206410.0,2861324.0,4128432.0,2542441.0,1593071.0,1386880.0,1484084.0,1558496.0,1527670.0,1716983.0,2077782.0,2639739.0,3432759.0,2645154.0,1861453.0,1739960.0,1565608.0,912585.0,38123222.0
55,서울 관악구 중앙동,149104.0,22970.0,16519.0,7833.0,185234.0,385851.0,532803.0,1241806.0,1748183.0,1414244.0,1162355.0,1049873.0,1151944.0,1197064.0,1187931.0,1381609.0,1574836.0,1642009.0,1923631.0,1604805.0,1159033.0,1090182.0,989595.0,586798.0,23406212.0
56,서울 관악구 청룡동,159088.0,29894.0,24966.0,24610.0,57082.0,373818.0,811273.0,1989728.0,2545830.0,2038655.0,1472186.0,1369090.0,1559396.0,1625734.0,1474899.0,1696546.0,1901194.0,1934866.0,2139276.0,1843584.0,1437761.0,1364533.0,1334121.0,825560.0,30033690.0
57,서울 관악구 청림동,19442.0,0.0,0.0,0.0,13148.0,84320.0,229497.0,588391.0,648502.0,431820.0,342036.0,304951.0,316765.0,328849.0,302761.0,346111.0,410743.0,439300.0,525017.0,432541.0,305373.0,274644.0,257812.0,151961.0,6753984.0
58,서울 관악구 행운동,78989.0,24061.0,17072.0,10214.0,17280.0,132718.0,241305.0,543236.0,784117.0,548479.0,418124.0,378238.0,415751.0,450173.0,469743.0,541116.0,622328.0,689807.0,879249.0,757704.0,588035.0,557653.0,524795.0,311033.0,10001220.0
59,서울 광진구 광장동,24720.0,6825.0,6006.0,3276.0,4968.0,117555.0,166973.0,311988.0,554280.0,303912.0,235797.0,214955.0,243724.0,261411.0,261554.0,317008.0,392630.0,388653.0,427520.0,285698.0,221218.0,218964.0,181119.0,94398.0,5245152.0
60,서울 광진구 구의동,54559.0,4673.0,3628.0,2574.0,61950.0,206879.0,565380.0,1323372.0,2002384.0,1306837.0,958948.0,890755.0,957589.0,1013923.0,1039461.0,1226848.0,1449666.0,1488629.0,1866871.0,1347637.0,1001923.0,899515.0,794233.0,360539.0,20828773.0
61,서울 광진구 군자동,167446.0,66852.0,34464.0,32701.0,81893.0,411482.0,515075.0,900208.0,1426262.0,1054200.0,757275.0,684812.0,737884.0,789245.0,783364.0,833647.0,925187.0,1105279.0,1234446.0,987779.0,729639.0,712132.0,634262.0,394824.0,16000358.0
62,서울 광진구 능동,72473.0,21612.0,16821.0,15790.0,77168.0,239071.0,278729.0,517679.0,827364.0,571179.0,435669.0,396394.0,439740.0,484413.0,473203.0,551178.0,673749.0,727795.0,819696.0,610890.0,441950.0,410316.0,359248.0,191622.0,9653749.0
63,서울 광진구 자양동,188488.0,68546.0,47373.0,45658.0,198861.0,552508.0,1089841.0,2395989.0,3611609.0,2406352.0,1661312.0,1535248.0,1718087.0,1797181.0,1814116.0,2089414.0,2405121.0,2713841.0,3433855.0,2641740.0,1917201.0,1848950.0,1631494.0,841010.0,38653795.0
64,서울 광진구 중곡동,122563.0,39331.0,20397.0,18673.0,162546.0,378798.0,532837.0,1161737.0,1419262.0,977996.0,773111.0,734339.0,801530.0,827998.0,843226.0,982153.0,1124969.0,1185344.0,1316815.0,1161476.0,816861.0,757261.0,670066.0,348100.0,17177389.0
65,서울 광진구 화양동,230920.0,112778.0,88723.0,66436.0,71758.0,186785.0,263437.0,489257.0,947538.0,731885.0,544646.0,516328.0,595239.0,656187.0,674533.0,761376.0,825268.0,985585.0,1205433.0,925208.0,712059.0,708827.0,669311.0,394709.0,13364226.0
66,서울 구로구 가리봉동,34053.0,5894.0,8100.0,5860.0,151112.0,208234.0,164113.0,347442.0,712695.0,473411.0,293695.0,232611.0,250401.0,252442.0,246289.0,258522.0,323376.0,422047.0,476037.0,348181.0,243933.0,210459.0,165906.0,98926.0,5933739.0
67,서울 구로구 개봉동,172142.0,35408.0,36947.0,31658.0,295471.0,606394.0,1441956.0,2927465.0,3219872.0,2249439.0,1784177.0,1674157.0,1859164.0,1901545.0,1857444.0,2128947.0,2593794.0,2823124.0,3252291.0,2710088.0,1873295.0,1681288.0,1441268.0,781134.0,39378468.0
68,서울 구로구 고척동,185757.0,27331.0,6968.0,5304.0,164402.0,307290.0,721722.0,1535118.0,1946670.0,1484561.0,1219408.0,1105076.0,1265327.0,1292674.0,1286980.0,1478284.0,1779953.0,1797035.0,1918821.0,1607151.0,1103561.0,1001652.0,1008783.0,499951.0,24749779.0
69,서울 구로구 구로동,308321.0,36241.0,12677.0,24931.0,785339.0,1181424.0,1680213.0,4131964.0,6123629.0,4093639.0,3052248.0,2765894.0,2878678.0,3018283.0,3026018.0,3510761.0,3995875.0,4862915.0,5384340.0,3602984.0,2557335.0,2428493.0,2039977.0,1061742.0,62563921.0
70,서울 구로구 구로보람쉬움아파트 동,705.0,0.0,0.0,0.0,0.0,60.0,4679.0,10415.0,19952.0,9918.0,6816.0,4096.0,4961.0,4752.0,4689.0,5629.0,6451.0,7089.0,10080.0,5943.0,3400.0,2402.0,2250.0,1976.0,116263.0
71,서울 구로구 수궁동,53103.0,13118.0,12974.0,17756.0,67031.0,136673.0,452886.0,1376668.0,1492636.0,741940.0,535064.0,478532.0,558894.0,547180.0,538364.0,661633.0,923614.0,864442.0,1069362.0,865620.0,535399.0,503254.0,422994.0,217915.0,13087052.0
72,서울 구로구 신도림동,263952.0,36678.0,20010.0,16348.0,248395.0,612525.0,915653.0,2123391.0,2753021.0,1858411.0,1294491.0,1148667.0,1308754.0,1365235.0,1316132.0,1486931.0,1757475.0,2132274.0,2545522.0,1850967.0,1317497.0,1291730.0,1156522.0,699255.0,29519836.0
73,서울 구로구 오류동,109616.0,24121.0,27870.0,14259.0,142279.0,317807.0,961747.0,2288204.0,2501006.0,1511671.0,1155147.0,1040120.0,1232717.0,1229730.0,1235144.0,1414272.0,1745330.0,1767261.0,2093258.0,1840873.0,1230058.0,1094323.0,954164.0,527929.0,26458906.0
74,서울 구로구 항동,0.0,0.0,0.0,0.0,0.0,828.0,1518.0,6187.0,10419.0,5060.0,3059.0,2484.0,3059.0,2898.0,2622.0,3082.0,4646.0,5681.0,8349.0,4830.0,3427.0,1978.0,2024.0,805.0,72956.0
75,서울 금천구 가산동,118264.0,19792.0,11331.0,14770.0,286603.0,575878.0,1023938.0,2547080.0,4780979.0,2953979.0,1416927.0,1176340.0,1246578.0,1322302.0,1336854.0,1505489.0,1863226.0,2805028.0,3589779.0,2417767.0,1638379.0,1426722.0,1009043.0,513362.0,35600410.0
76,서울 금천구 독산동,200005.0,18982.0,21968.0,18939.0,350669.0,871243.0,1317926.0,3042318.0,4299748.0,2539558.0,1776959.0,1662470.0,1822042.0,1861866.0,1906982.0,2209731.0,2593811.0,3147743.0,3731388.0,2990032.0,1937901.0,1720993.0,1503214.0,818648.0,42365136.0
77,서울 금천구 시흥동,200079.0,9654.0,19236.0,29058.0,364696.0,831686.0,1424292.0,3567606.0,3959099.0,2587056.0,2080817.0,2060772.0,2273662.0,2322057.0,2288077.0,2675721.0,3214891.0,3311190.0,3810838.0,3136661.0,2106379.0,1862966.0,1603283.0,919913.0,46659689.0
78,서울 노원구 공릉동,225716.0,74911.0,41808.0,43941.0,195870.0,543595.0,953369.0,2478726.0,3215589.0,2166267.0,1748938.0,1725400.0,1758356.0,1939891.0,1882690.0,1977173.0,2398039.0,2625464.0,2676443.0,2139862.0,1507682.0,1464342.0,1366904.0,747921.0,35898897.0
79,서울 노원구 상계동,578542.0,148881.0,60088.0,51518.0,593657.0,1161463.0,2237151.0,5552062.0,6599682.0,4885294.0,3963668.0,3827842.0,4315822.0,4557895.0,4597109.0,5197831.0,5803005.0,5908456.0,6332826.0,5172256.0,3868446.0,3591234.0,3292819.0,1696370.0,83993917.0
80,서울 노원구 월계동,297296.0,39582.0,8341.0,18071.0,231266.0,593991.0,1167844.0,3043537.0,3998321.0,2712669.0,2156038.0,2181896.0,2267454.0,2622957.0,2529991.0,2727265.0,3238023.0,3323573.0,3426640.0,2799270.0,1975046.0,1863759.0,1602302.0,908830.0,45733962.0
81,서울 노원구 중계동,266839.0,25196.0,5939.0,4299.0,155227.0,480018.0,1257071.0,3326467.0,3272508.0,2210936.0,1775932.0,1735915.0,2126583.0,2178634.0,2031543.0,2447345.0,3154840.0,3131964.0,3350740.0,2806088.0,2087157.0,1989921.0,2081972.0,844268.0,42747402.0
82,서울 노원구 하계동,242654.0,61723.0,19564.0,28899.0,186989.0,405337.0,829066.0,2216598.0,2600799.0,1834250.0,1496789.0,1447772.0,1663945.0,1739215.0,1695945.0,1848068.0,2296870.0,2185744.0,2266818.0,1850644.0,1393408.0,1311189.0,1228986.0,598735.0,31450007.0
83,서울 도봉구 도봉동,247174.0,124161.0,26659.0,56219.0,289356.0,333261.0,756396.0,2013701.0,2590400.0,1797218.0,1480415.0,1374532.0,1446125.0,1527586.0,1523647.0,1660264.0,1913211.0,1986966.0,2181244.0,1710161.0,1154561.0,1003182.0,852030.0,470114.0,28518583.0
84,서울 도봉구 방학동,395788.0,141065.0,28934.0,30629.0,368489.0,757075.0,1349326.0,2979415.0,3710092.0,2569557.0,2095464.0,1975667.0,2229860.0,2286209.0,2257265.0,2523323.0,2896791.0,3008817.0,3345328.0,2810588.0,1963624.0,1724573.0,1491525.0,846870.0,43786274.0
85,서울 도봉구 쌍문동,289536.0,71738.0,15645.0,18636.0,411623.0,748316.0,1502370.0,3370944.0,4045218.0,2688567.0,2169449.0,2093070.0,2156059.0,2213761.0,2251470.0,2519735.0,2976344.0,2989628.0,3086214.0,2527668.0,1833583.0,1582343.0,1376319.0,778784.0,43717020.0
86,서울 도봉구 창동,641512.0,163384.0,30140.0,32790.0,454495.0,1168667.0,2180280.0,5022781.0,6352461.0,4200870.0,3321321.0,3169631.0,3439906.0,3499230.0,3508934.0,3991258.0,4700817.0,5041478.0,5955814.0,5088300.0,3542822.0,3115488.0,2836383.0,1653771.0,73112533.0
87,서울 동대문구 답십리동,148215.0,13367.0,12194.0,13364.0,139261.0,563230.0,822803.0,1819188.0,2561785.0,1600159.0,1219518.0,1121378.0,1244824.0,1317428.0,1298492.0,1449514.0,1724165.0,1904446.0,2201107.0,1684109.0,1173183.0,1068813.0,929574.0,494844.0,26524961.0
88,서울 동대문구 용신동,372967.0,96622.0,53791.0,47471.0,263456.0,855870.0,1105353.0,2204364.0,3715186.0,2542534.0,2189170.0,2300201.0,2459583.0,2630511.0,2644406.0,2873067.0,3113282.0,3403634.0,3678383.0,2352011.0,1720499.0,1659211.0,1463748.0,837263.0,44582583.0
89,서울 동대문구 이문동,176532.0,44260.0,16796.0,10710.0,136353.0,269040.0,391332.0,855606.0,1400538.0,814475.0,751655.0,761472.0,798890.0,825657.0,852314.0,900239.0,1098377.0,1156764.0,1177128.0,891393.0,680350.0,659934.0,613294.0,326201.0,15609310.0
90,서울 동대문구 장안동,341664.0,14863.0,9131.0,10036.0,238789.0,940255.0,1981900.0,4708802.0,6245852.0,3772848.0,2702661.0,2535476.0,2751873.0,2856064.0,2847582.0,3191252.0,3974169.0,4447138.0,5433962.0,4303559.0,2733297.0,2459143.0,2270944.0,1103491.0,61874751.0
91,서울 동대문구 전농동,394738.0,39753.0,11260.0,9527.0,274737.0,1087679.0,1661039.0,3594085.0,5185188.0,3821155.0,3063323.0,2956107.0,3379397.0,3624496.0,3443824.0,3877184.0,4499898.0,4644427.0,5187003.0,3794506.0,2805491.0,2497621.0,2221694.0,1198696.0,63272828.0
92,서울 동대문구 제기동,202866.0,18397.0,9586.0,7217.0,303916.0,722182.0,1020015.0,1883140.0,3221875.0,2350241.0,2238610.0,2326812.0,2489793.0,2720381.0,2649644.0,2842262.0,2846602.0,2718783.0,2553170.0,1666088.0,1243462.0,1147239.0,1010246.0,561722.0,38754249.0
93,서울 동대문구 청량리동,20065.0,5994.0,1655.0,1807.0,116189.0,107513.0,169200.0,348219.0,505545.0,347477.0,266398.0,237613.0,262396.0,273881.0,261853.0,277017.0,323517.0,323455.0,351147.0,221429.0,149147.0,141487.0,120756.0,66783.0,4900543.0
94,서울 동대문구 회기동,48486.0,17291.0,7293.0,3348.0,30662.0,43430.0,97799.0,315244.0,650171.0,478533.0,495632.0,444549.0,365643.0,468486.0,491410.0,436246.0,506771.0,564252.0,418040.0,282119.0,224404.0,243099.0,183278.0,62470.0,6878656.0
95,서울 동대문구 휘경동,253151.0,52393.0,10182.0,5918.0,206898.0,528917.0,938378.0,2336818.0,3508566.0,2322364.0,1965715.0,1812297.0,1896480.0,2017325.0,1949690.0,2132820.0,2460632.0,2747622.0,2836967.0,2086826.0,1514314.0,1471546.0,1313611.0,670744.0,37040174.0
96,서울 동작구 노량진동,241272.0,47688.0,33751.0,22576.0,159306.0,680662.0,1077509.0,2483989.0,3494013.0,2285599.0,1784169.0,1726960.0,1916964.0,2018926.0,2032135.0,2245059.0,2653281.0,3073439.0,3762413.0,2802735.0,2070316.0,2034341.0,1987621.0,982972.0,41617696.0
97,서울 동작구 대방동,110865.0,6525.0,5061.0,3381.0,55127.0,263341.0,710312.0,2068823.0,2854555.0,1726208.0,1224196.0,1177864.0,1280760.0,1326073.0,1369529.0,1523060.0,1823212.0,2055352.0,2517951.0,1774392.0,1246763.0,1218401.0,1112389.0,560671.0,28014811.0
98,서울 동작구 사당동,310119.0,67469.0,34090.0,25246.0,65931.0,582995.0,1346551.0,3367555.0,4436360.0,3174027.0,2473288.0,2500947.0,2639534.0,2804112.0,2742243.0,3152141.0,3677993.0,3974922.0,4678387.0,3655262.0,2697604.0,2577036.0,2516642.0,1321308.0,54821762.0
99,서울 동작구 상도동,305931.0,49665.0,30554.0,22728.0,160594.0,813497.0,1773941.0,4296781.0,6291668.0,4341063.0,3851227.0,3430291.0,3561176.0,3835071.0,3818199.0,4185688.0,4902927.0,5224724.0,6087320.0,4821026.0,3523342.0,3312969.0,3093993.0,1655193.0,73389568.0
100,서울 동작구 신대방동,94238.0,6494.0,5211.0,6228.0,40620.0,203850.0,427372.0,1157651.0,1708496.0,1101090.0,864825.0,751964.0,778778.0,828793.0,851155.0,923558.0,1077349.0,1221852.0,1427828.0,993993.0,738147.0,664660.0,599524.0,326583.0,16800259.0
101,서울 동작구 흑석동,167048.0,5097.0,0.0,0.0,21535.0,340765.0,748514.0,1555136.0,2167003.0,1626044.0,1663281.0,1555020.0,1567076.0,1659805.0,1801137.0,1845342.0,2117923.0,2288806.0,2387709.0,1745771.0,1407060.0,1337036.0,1262500.0,729200.0,29998808.0
102,서울 마포구 공덕동,146072.0,25984.0,15241.0,16133.0,73822.0,362957.0,595902.0,1569892.0,2459057.0,1564577.0,1081287.0,1026937.0,1076956.0,1130336.0,1094486.0,1249635.0,1461705.0,1763976.0,2219217.0,1581986.0,1147298.0,1084556.0,977405.0,548557.0,24273974.0
103,서울 마포구 대흥동,137376.0,46198.0,27494.0,20958.0,46110.0,274618.0,436328.0,1017473.0,1773524.0,1311271.0,1212962.0,1045584.0,1155502.0,1369269.0,1213722.0,1314891.0,1598865.0,1697493.0,1906314.0,1310478.0,1023907.0,1040467.0,1009347.0,531847.0,22521998.0
104,서울 마포구 도화동,31254.0,114.0,0.0,0.0,4288.0,46455.0,156289.0,434564.0,776131.0,465347.0,311645.0,317863.0,342838.0,361853.0,365860.0,416405.0,520778.0,653565.0,921436.0,581619.0,405838.0,392382.0,358716.0,195958.0,8061198.0
105,서울 마포구 동교동,31795.0,1946.0,0.0,0.0,992.0,32999.0,56765.0,126972.0,241711.0,245818.0,185011.0,199158.0,233929.0,261620.0,259473.0,285425.0,339719.0,419092.0,510235.0,367392.0,278810.0,294220.0,270609.0,148586.0,4792277.0
106,서울 마포구 망원동,76200.0,3172.0,4977.0,2814.0,40820.0,166075.0,316046.0,710930.0,1144787.0,734026.0,543652.0,521566.0,585441.0,641574.0,630022.0,688618.0,801583.0,923193.0,1109947.0,825665.0,593617.0,542862.0,496837.0,273948.0,12378372.0
107,서울 마포구 상암동,172791.0,19768.0,9291.0,9136.0,93264.0,457323.0,996873.0,2721657.0,4654863.0,3178156.0,1719457.0,1443658.0,1564671.0,1660406.0,1610203.0,1883671.0,2268472.0,3019260.0,3833563.0,2529137.0,1601730.0,1407168.0,1163786.0,602881.0,38621185.0
108,서울 마포구 서강동,35527.0,199.0,0.0,0.0,9015.0,44248.0,88619.0,202435.0,386383.0,355263.0,272084.0,251658.0,290631.0,337494.0,334110.0,341078.0,382831.0,437293.0,533685.0,390925.0,286701.0,275360.0,258077.0,160285.0,5673901.0
109,서울 마포구 서교동,797306.0,263713.0,183439.0,166922.0,262613.0,801801.0,1319807.0,2946578.0,4892866.0,4374729.0,3342779.0,3335883.0,3759683.0,4195125.0,4078353.0,4375291.0,5100714.0,5835833.0,6885644.0,4989240.0,3707450.0,3689266.0,3564725.0,2134800.0,75004560.0
110,서울 마포구 성산동,155356.0,8578.0,9786.0,3059.0,85816.0,302662.0,573908.0,1422314.0,2114641.0,1584961.0,1221431.0,1167124.0,1324089.0,1426311.0,1433913.0,1601548.0,1871247.0,1973026.0,2221420.0,1590250.0,1113445.0,1017786.0,952347.0,520575.0,25695593.0
111,서울 마포구 신수동,16856.0,0.0,0.0,0.0,7164.0,30563.0,115854.0,325231.0,552323.0,349216.0,226539.0,218347.0,221060.0,248687.0,244614.0,258661.0,287414.0,360953.0,523835.0,312868.0,213251.0,197147.0,178105.0,81054.0,4969742.0
112,서울 마포구 아현동,150160.0,23499.0,17729.0,14866.0,74058.0,362177.0,603833.0,1558333.0,2510984.0,1612028.0,1181883.0,1170701.0,1250417.0,1359216.0,1331891.0,1468772.0,1694329.0,1899316.0,2256757.0,1466417.0,1090467.0,1063406.0,945941.0,501697.0,25608877.0
113,서울 마포구 연남동,10736.0,3549.0,1197.0,1743.0,34408.0,74733.0,128268.0,330540.0,383604.0,333938.0,265555.0,253958.0,276927.0,296622.0,288606.0,305471.0,354338.0,368948.0,376734.0,271004.0,196258.0,174362.0,144795.0,79392.0,4955686.0
114,서울 마포구 염리동,7939.0,876.0,609.0,483.0,7976.0,32707.0,56529.0,212654.0,255926.0,153202.0,107247.0,108713.0,145483.0,165760.0,140032.0,169746.0,259186.0,209896.0,217616.0,173896.0,132463.0,136424.0,131892.0,54398.0,2881653.0
115,서울 마포구 용강동,96537.0,14482.0,10920.0,8658.0,37028.0,180463.0,298612.0,826270.0,1267880.0,898010.0,653568.0,672212.0,684849.0,706633.0,693685.0,726636.0,814156.0,1123824.0,1376410.0,827252.0,636471.0,594743.0,516674.0,272897.0,13938870.0
116,서울 마포구 합정동,66147.0,1681.0,546.0,735.0,6836.0,58847.0,119906.0,305196.0,576249.0,420895.0,289369.0,297833.0,340540.0,384853.0,387530.0,419762.0,483980.0,577270.0,756208.0,546836.0,375292.0,369216.0,334401.0,197279.0,7317407.0
117,서울 서대문구 남가좌동,163851.0,26252.0,11741.0,7654.0,121523.0,273548.0,591880.0,1357421.0,1746752.0,1377031.0,1381341.0,1204087.0,1163372.0,1279279.0,1347145.0,1381033.0,1673814.0,1703928.0,1724664.0,1474395.0,1068181.0,970884.0,924650.0,529375.0,23503801.0
118,서울 서대문구 북가좌동,103269.0,11944.0,6.0,0.0,112278.0,172763.0,442578.0,905103.0,1045027.0,773529.0,605236.0,558670.0,619624.0,641720.0,646111.0,739913.0,887649.0,897134.0,985346.0,803098.0,561572.0,530213.0,509297.0,267657.0,12819737.0
119,서울 서대문구 북아현동,1596.0,0.0,0.0,0.0,228.0,8426.0,95496.0,214607.0,267144.0,216376.0,190853.0,183100.0,204839.0,203051.0,201319.0,222461.0,263897.0,282059.0,305378.0,245257.0,193777.0,191270.0,159948.0,11912.0,3662994.0
120,서울 서대문구 신촌동,270513.0,22106.0,11844.0,5145.0,103098.0,739786.0,1064334.0,2282252.0,3794209.0,3361835.0,2689149.0,2428337.0,2851473.0,3038304.0,2889165.0,3344106.0,3698332.0,4027995.0,4098657.0,2774581.0,2278224.0,2398841.0,2243565.0,1188342.0,51604193.0
121,서울 서대문구 연희동,277398.0,18401.0,6226.0,4578.0,200285.0,636921.0,1114114.0,2177920.0,3287888.0,2613136.0,2113506.0,2023501.0,2226230.0,2409502.0,2347769.0,2618495.0,3088148.0,3219312.0,3645645.0,2750838.0,1984133.0,1940704.0,1788901.0,993941.0,43487492.0
122,서울 서대문구 천연동,92680.0,22612.0,754.0,566.0,231228.0,339547.0,495860.0,1111346.0,1474392.0,1188585.0,901336.0,879725.0,959041.0,963557.0,967654.0,1123139.0,1230565.0,1212226.0,1204495.0,870506.0,655893.0,618151.0,526741.0,260605.0,17331204.0
123,서울 서대문구 충현동,85457.0,13497.0,8964.0,5344.0,111617.0,235383.0,425528.0,1181219.0,2027749.0,1162984.0,764543.0,784269.0,769580.0,840237.0,883665.0,974804.0,1098339.0,1376615.0,1733842.0,974281.0,760045.0,735718.0,619170.0,273119.0,17845969.0
124,서울 서대문구 홍은동,151958.0,18123.0,5799.0,3715.0,103070.0,346720.0,748573.0,1892547.0,2399704.0,1820638.0,1388947.0,1377375.0,1428281.0,1589479.0,1565834.0,1880622.0,2209232.0,2194095.0,2069515.0,1628921.0,1237119.0,1161877.0,1061600.0,538188.0,28821932.0
125,서울 서대문구 홍제동,147189.0,17130.0,760.0,484.0,102795.0,317034.0,788341.0,1887559.0,2383640.0,1815578.0,1530539.0,1453004.0,1538488.0,1597979.0,1601341.0,1817888.0,2092433.0,2173028.0,2422285.0,1802770.0,1319478.0,1212887.0,1050099.0,524816.0,29597545.0
126,서울 서초구 내곡동,27625.0,10781.0,737.0,672.0,9574.0,87046.0,211216.0,572527.0,817455.0,379061.0,247489.0,228380.0,290543.0,303210.0,296729.0,365106.0,463373.0,683061.0,612616.0,328025.0,218310.0,177369.0,151973.0,78172.0,6561050.0
127,서울 서초구 반포동,625713.0,121009.0,62281.0,48703.0,204256.0,1234444.0,2068217.0,4149887.0,6154752.0,5001446.0,3827429.0,3953202.0,4318711.0,4624784.0,4678741.0,5277043.0,6123443.0,6200358.0,6633266.0,5054310.0,3810095.0,3545496.0,3237574.0,1585843.0,82541003.0
128,서울 서초구 방배동,341747.0,59704.0,29054.0,26801.0,236167.0,717621.0,1508243.0,3961087.0,6729108.0,4700640.0,3063345.0,2831885.0,3002559.0,3198547.0,3255276.0,3650102.0,4297813.0,4801036.0,5765210.0,3845379.0,2733701.0,2648393.0,2346990.0,1088351.0,64838759.0
129,서울 서초구 서초동,452862.0,132957.0,82611.0,70400.0,149252.0,974660.0,1881814.0,4871802.0,8382573.0,6346501.0,3930487.0,3426685.0,3634316.0,4150416.0,4031973.0,4501438.0,5245697.0,6462766.0,7901127.0,4907700.0,3468949.0,3545267.0,3197139.0,1389564.0,83138956.0
130,서울 서초구 양재동,245475.0,39312.0,2089.0,943.0,59357.0,450633.0,1061967.0,2755569.0,4578574.0,2847665.0,1726649.0,1531543.0,1644912.0,1749622.0,1743246.0,2032395.0,2440366.0,3192064.0,3915022.0,2288500.0,1607058.0,1489629.0,1223941.0,625471.0,39252002.0
131,서울 서초구 잠원동,278011.0,60455.0,26244.0,26813.0,87707.0,353450.0,448397.0,1022866.0,1441304.0,1233360.0,839168.0,793251.0,853411.0,945861.0,964541.0,1077771.0,1229564.0,1523772.0,1826593.0,1278059.0,848494.0,875512.0,833943.0,494506.0,19363053.0
132,서울 성동구 금호동,41604.0,16.0,1.0,0.0,57754.0,205083.0,462956.0,1148695.0,1643753.0,1072871.0,918801.0,904689.0,967034.0,1041341.0,1073297.0,1200013.0,1313443.0,1385231.0,1531265.0,1249502.0,893700.0,790108.0,732707.0,330721.0,18964585.0
133,서울 성동구 마장동,33800.0,58.0,0.0,0.0,119250.0,300184.0,396493.0,753131.0,1135501.0,749566.0,528378.0,508143.0,547948.0,579800.0,562618.0,622293.0,700056.0,789101.0,868133.0,640952.0,451546.0,402102.0,344708.0,157134.0,11190895.0
134,서울 성동구 사근동,23546.0,8736.0,6574.0,3214.0,31424.0,103679.0,205679.0,347024.0,619674.0,514043.0,422691.0,351094.0,467833.0,455730.0,454053.0,505392.0,581209.0,640838.0,666418.0,478216.0,385615.0,378962.0,359913.0,193295.0,8204852.0
135,서울 성동구 성수동,145976.0,43025.0,30177.0,26227.0,139968.0,517533.0,721296.0,1367154.0,2403034.0,1761302.0,1138102.0,1057345.0,1201331.0,1321723.0,1400960.0,1552669.0,1749191.0,2115934.0,2655611.0,1742722.0,1192039.0,1087518.0,911152.0,458530.0,26740519.0
136,서울 성동구 송정동,3453.0,0.0,0.0,0.0,13127.0,46510.0,83862.0,174388.0,322579.0,187499.0,113897.0,96128.0,108139.0,116004.0,124411.0,128303.0,140059.0,217044.0,277488.0,145936.0,91906.0,82463.0,71653.0,33766.0,2578615.0
137,서울 성동구 옥수동,17160.0,2.0,0.0,0.0,7553.0,64398.0,188016.0,490836.0,774072.0,529337.0,420270.0,418900.0,457089.0,488471.0,539005.0,578480.0,599281.0,656333.0,729037.0,587934.0,404879.0,367840.0,315186.0,159171.0,8793250.0
138,서울 성동구 왕십리도선동,117643.0,27226.0,20280.0,14527.0,118530.0,330009.0,433991.0,963817.0,1720482.0,1127445.0,818667.0,798767.0,908045.0,944356.0,940534.0,1035628.0,1188140.0,1343717.0,1592997.0,1297246.0,941841.0,899785.0,794932.0,433670.0,18812275.0
139,서울 성동구 왕십리동,9018.0,34.0,0.0,0.0,467.0,7967.0,39003.0,112669.0,164390.0,94964.0,69112.0,67012.0,71311.0,72837.0,73719.0,88185.0,101854.0,124106.0,157572.0,120694.0,79075.0,75425.0,65180.0,36935.0,1631529.0
140,서울 성동구 용답동,44605.0,1588.0,2191.0,884.0,32106.0,148016.0,304278.0,791393.0,1156709.0,640249.0,380845.0,349524.0,376497.0,406012.0,367984.0,400488.0,497226.0,614782.0,814855.0,532353.0,347130.0,309752.0,254106.0,147869.0,8921442.0
141,서울 성동구 응봉동,13979.0,1.0,0.0,0.0,13907.0,61463.0,117956.0,284144.0,428378.0,264590.0,206817.0,198665.0,215630.0,221250.0,223418.0,273736.0,322104.0,320298.0,372861.0,309313.0,229779.0,201095.0,180453.0,94709.0,4554546.0
142,서울 성동구 행당동,118340.0,24593.0,20213.0,11993.0,150008.0,374005.0,591100.0,1312608.0,1823025.0,1287287.0,1016167.0,1020419.0,1163484.0,1240140.0,1209796.0,1400721.0,1601919.0,1729686.0,1935943.0,1491929.0,1098576.0,1052307.0,968870.0,483782.0,23126911.0
143,서울 성북구 길음동,428304.0,113927.0,28189.0,19100.0,582793.0,766041.0,1350937.0,2973600.0,4010409.0,2642366.0,2265004.0,2145085.0,2274195.0,2412205.0,2411709.0,2692693.0,3114056.0,3450184.0,3859835.0,2845180.0,2151191.0,1856249.0,1900267.0,1046531.0,47340050.0
144,서울 성북구 돈암동,239366.0,56293.0,11686.0,7653.0,402076.0,487771.0,775368.0,1930628.0,2403079.0,1514201.0,1214377.0,1159545.0,1302740.0,1369129.0,1330167.0,1799962.0,2102179.0,2035933.0,2213056.0,1658159.0,1253498.0,1159860.0,1112643.0,608256.0,28147625.0
145,서울 성북구 동선동,636061.0,162437.0,27285.0,17526.0,227032.0,402445.0,688932.0,1565748.0,2450388.0,1716090.0,1529249.0,1683883.0,1845905.0,1945629.0,2067602.0,2295018.0,2588543.0,2874648.0,3232176.0,2559845.0,2021423.0,2070041.0,1923595.0,1197711.0,37729212.0
146,서울 성북구 보문동,104653.0,37890.0,10950.0,7650.0,88989.0,164274.0,295878.0,689214.0,1250203.0,790851.0,578588.0,513448.0,553685.0,580199.0,584064.0,612578.0,702935.0,767958.0,936237.0,646123.0,468533.0,464826.0,420595.0,229667.0,11499988.0
147,서울 성북구 삼선동,393842.0,114878.0,18198.0,13287.0,377936.0,687287.0,940029.0,2136329.0,3356618.0,2475063.0,2150159.0,2165806.0,2396670.0,2503291.0,2568386.0,2875656.0,3237430.0,3219525.0,3567754.0,2534356.0,2051764.0,1990346.0,1772268.0,986554.0,44533432.0
148,서울 성북구 석관동,126677.0,27426.0,10426.0,19673.0,160810.0,356275.0,550249.0,1266055.0,1720702.0,1082820.0,843121.0,812561.0,852916.0,901535.0,877175.0,964215.0,1131083.0,1229785.0,1360828.0,1151619.0,752605.0,695934.0,602376.0,325834.0,17822700.0
149,서울 성북구 성북동,564655.0,195921.0,68810.0,79192.0,421710.0,718719.0,1159163.0,2937318.0,4326186.0,3504281.0,2868272.0,2988566.0,3154866.0,3448102.0,3507063.0,3948708.0,4277741.0,4773024.0,4927984.0,3119814.0,2527558.0,2648036.0,2191545.0,1190132.0,59547366.0
150,서울 성북구 안암동,140803.0,13846.0,7517.0,4834.0,71223.0,197116.0,249301.0,570686.0,1070945.0,877461.0,901588.0,792384.0,757980.0,874038.0,815599.0,920182.0,1010907.0,1055283.0,1072210.0,745603.0,629283.0,661465.0,607678.0,412998.0,14460930.0
151,서울 성북구 월곡동,142106.0,16620.0,7245.0,3360.0,178611.0,342081.0,549618.0,1170186.0,1906617.0,1283836.0,1136601.0,1077669.0,1133986.0,1226716.0,1244004.0,1361627.0,1507464.0,1578324.0,1790618.0,1414826.0,973450.0,877939.0,732268.0,405315.0,22061087.0
152,서울 성북구 장위동,264336.0,43432.0,12841.0,12093.0,343215.0,573434.0,1142260.0,2639957.0,3341301.0,1980095.0,1515583.0,1458911.0,1599332.0,1672648.0,1667954.0,1875774.0,2104623.0,2263325.0,2597168.0,2409392.0,1527852.0,1343516.0,1166891.0,679830.0,34235763.0
153,서울 성북구 정릉동,547291.0,63655.0,133.0,4035.0,438627.0,889118.0,1699119.0,4129609.0,6129487.0,4349152.0,4389353.0,4001140.0,3983812.0,4357372.0,4318126.0,4659819.0,5451869.0,5728559.0,5437994.0,4201749.0,3135419.0,2978429.0,2735524.0,1510899.0,75140290.0
154,서울 성북구 종암동,215718.0,17131.0,9813.0,6156.0,266248.0,638696.0,901502.0,1996364.0,2762352.0,1886091.0,1566900.0,1468298.0,1621853.0,1707429.0,1701908.0,1945012.0,2113425.0,2218896.0,2439350.0,1968767.0,1429437.0,1316065.0,1207902.0,656970.0,32062283.0
155,서울 성북구 창신동,330.0,0.0,0.0,0.0,0.0,0.0,2625.0,5850.0,6300.0,5580.0,4815.0,5910.0,6150.0,6600.0,9030.0,10305.0,10605.0,12345.0,16620.0,15705.0,10590.0,9000.0,8280.0,5745.0,152385.0
156,서울 송파구 가락동,373975.0,90521.0,36015.0,18243.0,278909.0,561958.0,1096774.0,2455097.0,3724470.0,2392099.0,1772480.0,1688885.0,1842661.0,1945977.0,1938929.0,2285011.0,2678707.0,3060730.0,3701190.0,2531338.0,1984007.0,1874214.0,1739117.0,922011.0,40993318.0
157,서울 송파구 거여동,92177.0,10703.0,5720.0,5852.0,74048.0,155936.0,377430.0,923742.0,1216859.0,802142.0,568211.0,527291.0,584020.0,600896.0,610266.0,715825.0,864145.0,901664.0,1056606.0,831496.0,571377.0,548951.0,494946.0,261597.0,12801900.0
158,서울 송파구 마천동,118600.0,99.0,0.0,0.0,97832.0,246886.0,464678.0,1062615.0,1295244.0,818321.0,644188.0,607725.0,670351.0,698912.0,691773.0,841764.0,950832.0,955632.0,1009723.0,809373.0,571598.0,529459.0,505803.0,304574.0,13895982.0
159,서울 송파구 문정동,171563.0,75065.0,16806.0,5372.0,100737.0,140198.0,434818.0,1086592.0,1580085.0,974819.0,700142.0,653852.0,718976.0,734704.0,755926.0,896396.0,1121978.0,1281685.0,1541995.0,1018910.0,762205.0,708870.0,629250.0,331852.0,16442796.0
160,서울 송파구 방이동,172872.0,24519.0,10252.0,11770.0,33799.0,199978.0,398230.0,886981.0,1535563.0,1129590.0,770734.0,740030.0,801119.0,883416.0,891332.0,947746.0,1117116.0,1255353.0,1519636.0,1100798.0,873460.0,890222.0,829329.0,479678.0,17503523.0
161,서울 송파구 삼전동,38479.0,1674.0,0.0,0.0,11585.0,84745.0,194403.0,475802.0,761692.0,499459.0,323386.0,284861.0,325201.0,343964.0,342623.0,396896.0,473370.0,472570.0,589304.0,443277.0,327254.0,324230.0,299887.0,153168.0,7167830.0
162,서울 송파구 석촌동,209226.0,53790.0,17328.0,8478.0,95076.0,316834.0,591152.0,1308830.0,2119771.0,1470773.0,1035829.0,984912.0,1103133.0,1145459.0,1138671.0,1303258.0,1541021.0,1679730.0,2026384.0,1481167.0,1119628.0,1125648.0,1032365.0,562516.0,23470979.0
163,서울 송파구 성내동,18456.0,3372.0,2442.0,2002.0,16262.0,121074.0,196179.0,406054.0,566274.0,367245.0,233346.0,208328.0,219787.0,244405.0,215141.0,234060.0,296580.0,297891.0,346528.0,234102.0,168480.0,161242.0,157493.0,81346.0,4798089.0
164,서울 송파구 송파동,152601.0,23646.0,10883.0,5969.0,61755.0,203287.0,458560.0,1152610.0,1666149.0,1167048.0,854487.0,823680.0,897936.0,965759.0,919763.0,1091546.0,1402801.0,1398054.0,1619697.0,1211064.0,922582.0,916265.0,836709.0,429223.0,19192074.0
165,서울 송파구 신천동,51646.0,10741.0,5060.0,4114.0,3102.0,12198.0,75254.0,106302.0,234246.0,178289.0,153980.0,178029.0,196720.0,237520.0,269595.0,318835.0,382595.0,428071.0,518757.0,447637.0,336413.0,327835.0,312878.0,159776.0,4949593.0
166,서울 송파구 오금동,64147.0,5623.0,1562.0,2552.0,60891.0,212186.0,418138.0,1114809.0,1654994.0,980674.0,691413.0,621551.0,664395.0,691140.0,651926.0,727092.0,907885.0,992288.0,1103400.0,721644.0,510644.0,488076.0,425335.0,217249.0,13929614.0
167,서울 송파구 오륜동,92876.0,6448.0,2156.0,682.0,13119.0,119621.0,328272.0,681864.0,1079578.0,691738.0,507599.0,481044.0,551570.0,621818.0,609150.0,699543.0,857375.0,920805.0,1113616.0,750996.0,586972.0,556839.0,562701.0,257460.0,12093842.0
168,서울 송파구 위례동,165899.0,85314.0,36015.0,27826.0,100687.0,193133.0,619799.0,1741460.0,1880574.0,1143981.0,808814.0,680053.0,801452.0,802043.0,776620.0,931560.0,1210206.0,1340131.0,1572689.0,1299750.0,835191.0,772042.0,747996.0,367391.0,18940626.0
169,서울 송파구 잠실동,573909.0,135290.0,56217.0,37240.0,295820.0,1001331.0,1792750.0,4380063.0,6923153.0,5099920.0,3435272.0,3348977.0,3667563.0,3921009.0,3976425.0,4741562.0,5429040.0,6020901.0,7241724.0,5252526.0,3979328.0,3829456.0,3500766.0,1738781.0,80379023.0
170,서울 송파구 장지동,71125.0,12822.0,1710.0,229.0,66668.0,140810.0,412108.0,1063863.0,1458816.0,747058.0,544641.0,505699.0,567752.0,542886.0,563213.0,667821.0,888159.0,879348.0,969725.0,724794.0,540785.0,453715.0,382602.0,180782.0,12387131.0
171,서울 송파구 풍납동,8494.0,6862.0,1694.0,2530.0,31876.0,148409.0,199100.0,350428.0,428488.0,292087.0,199167.0,178566.0,184089.0,210162.0,197976.0,223498.0,253063.0,282709.0,268925.0,180708.0,142537.0,155393.0,115615.0,87766.0,4150142.0
172,서울 송파구 행정동,12429.0,4987.0,3872.0,5434.0,8333.0,82731.0,106054.0,242733.0,396206.0,269955.0,185946.0,182411.0,188629.0,196519.0,187908.0,201442.0,269603.0,293494.0,287486.0,180899.0,127395.0,116582.0,109742.0,74189.0,3734979.0
173,서울 양천구 목동,563553.0,65028.0,33345.0,27890.0,409366.0,1033722.0,2127750.0,5234771.0,6535418.0,4837887.0,3692477.0,3644893.0,4140830.0,4365148.0,4315548.0,4824167.0,5706514.0,6270801.0,7104757.0,5450777.0,4039633.0,3887513.0,3951355.0,1835293.0,84098436.0
174,서울 양천구 신월동,414085.0,44651.0,23195.0,14551.0,568916.0,1032896.0,2005773.0,4301268.0,4770759.0,2961476.0,2351742.0,2273587.0,2501709.0,2602750.0,2431629.0,2887447.0,3516379.0,3508840.0,4032630.0,3482902.0,2368071.0,2082185.0,1872942.0,993212.0,53043595.0
175,서울 양천구 신정동,455329.0,61185.0,46422.0,30109.0,358315.0,864805.0,1938808.0,4896596.0,5635014.0,3761340.0,3036474.0,2887621.0,3153611.0,3389143.0,3293256.0,3859593.0,4953669.0,4807709.0,5598740.0,4349146.0,3042157.0,2830003.0,2787251.0,1316881.0,67353177.0
176,서울 양천구 화곡동,11998.0,3330.0,0.0,1517.0,3195.0,2157.0,9137.0,12991.0,23852.0,13510.0,12737.0,13848.0,11504.0,11570.0,12841.0,18091.0,21589.0,24201.0,33082.0,31188.0,22164.0,19392.0,19058.0,14821.0,347773.0
177,서울 영등포구 당산동,203323.0,38024.0,20682.0,14409.0,135492.0,476321.0,816476.0,2087774.0,3564344.0,2214549.0,1432452.0,1372465.0,1513036.0,1557505.0,1597428.0,1737492.0,1966466.0,2523507.0,3433572.0,2157940.0,1568875.0,1495853.0,1396011.0,756230.0,34080226.0
178,서울 영등포구 대림동,105710.0,14986.0,13146.0,11391.0,237481.0,520908.0,658968.0,1510761.0,2431619.0,1658504.0,1265095.0,1206281.0,1226704.0,1256909.0,1270187.0,1390065.0,1613423.0,2027466.0,2200186.0,1488346.0,1055551.0,1060613.0,1008899.0,448585.0,25681784.0
179,서울 영등포구 도림동,26676.0,688.0,0.0,0.0,23811.0,61524.0,154875.0,399038.0,510095.0,349511.0,232228.0,215464.0,222560.0,234257.0,229457.0,260177.0,302356.0,346075.0,411490.0,313287.0,241255.0,236004.0,206687.0,107102.0,5084617.0
180,서울 영등포구 문래동,128914.0,16660.0,11932.0,8790.0,142515.0,239834.0,503131.0,1531125.0,2533914.0,1422125.0,762820.0,690039.0,714780.0,806537.0,793919.0,917139.0,1087162.0,1460082.0,2113631.0,1171879.0,823569.0,757612.0,616076.0,316286.0,19570471.0
181,서울 영등포구 신길동,135928.0,5384.0,3486.0,2562.0,255404.0,749693.0,1020812.0,2329654.0,3139989.0,2082314.0,1499489.0,1424326.0,1530469.0,1543188.0,1596831.0,1817078.0,2097445.0,2398402.0,2745239.0,2016754.0,1480903.0,1425143.0,1311556.0,637884.0,33249933.0
182,서울 영등포구 양평동,115872.0,7489.0,4817.0,3561.0,79811.0,324788.0,601749.0,1496554.0,2595308.0,1470127.0,955480.0,918266.0,1041213.0,1071140.0,1049201.0,1187537.0,1395231.0,1805798.0,2262516.0,1416053.0,999192.0,961897.0,888000.0,422066.0,23073666.0
183,서울 영등포구 여의동,164315.0,16344.0,14950.0,20228.0,304674.0,1630535.0,1922469.0,5434498.0,8883801.0,5516932.0,3163196.0,3132875.0,3218980.0,3473982.0,3718288.0,4062568.0,4705242.0,6932702.0,8191762.0,4506038.0,3802703.0,3175720.0,2251403.0,1040085.0,79284290.0
184,서울 영등포구 영등포동,404745.0,103610.0,81643.0,61841.0,383839.0,1061857.0,1365653.0,3184843.0,5359648.0,3678177.0,2769456.0,2791572.0,3111517.0,3371797.0,3448238.0,3798465.0,4371689.0,5064823.0,6131148.0,3913307.0,3071229.0,2786769.0,2399148.0,1237429.0,63952443.0
185,서울 용산구 남영동,62642.0,14668.0,5746.0,4501.0,43613.0,210103.0,354717.0,924546.0,1444965.0,975299.0,700076.0,653849.0,684816.0,692738.0,694669.0,800417.0,901948.0,1086132.0,1286567.0,853997.0,618639.0,613159.0,553817.0,273753.0,14455377.0
186,서울 용산구 동자동,11054.0,473.0,0.0,0.0,1258.0,28859.0,114789.0,283273.0,510507.0,377911.0,245078.0,247329.0,275628.0,275440.0,237136.0,293668.0,331178.0,457467.0,551540.0,321560.0,221346.0,216278.0,147526.0,70662.0,5219960.0
187,서울 용산구 보광동,46062.0,1694.0,0.0,0.0,22006.0,82786.0,189548.0,440575.0,632128.0,491450.0,405342.0,382875.0,404610.0,408250.0,418337.0,481231.0,554925.0,552747.0,552261.0,444913.0,339522.0,297750.0,276831.0,122794.0,7548637.0
188,서울 용산구 서빙고동,42185.0,4068.0,1382.0,1953.0,18675.0,141994.0,318638.0,677299.0,1074668.0,747916.0,680714.0,663087.0,731490.0,789921.0,791872.0,895037.0,990757.0,1004271.0,917296.0,695158.0,494300.0,479262.0,378112.0,188502.0,12728557.0
189,서울 용산구 용문동,5102.0,3.0,0.0,0.0,22.0,28836.0,61105.0,162636.0,241186.0,168716.0,120054.0,121017.0,131992.0,130414.0,135127.0,158614.0,189640.0,192619.0,254869.0,180017.0,119250.0,108953.0,100439.0,47934.0,2658545.0
190,서울 용산구 용산동,78587.0,22188.0,6996.0,7161.0,54815.0,171259.0,330927.0,862271.0,1251896.0,949032.0,697787.0,668740.0,742823.0,777030.0,789044.0,893426.0,1023528.0,1052669.0,1164728.0,919794.0,679299.0,637940.0,547955.0,259063.0,14588958.0
191,서울 용산구 원효로동,32048.0,6075.0,2310.0,2016.0,34643.0,183032.0,377376.0,1049205.0,1787566.0,1152476.0,825583.0,737774.0,815577.0,854254.0,876153.0,970927.0,1103760.0,1251181.0,1657949.0,1052780.0,745543.0,704673.0,578735.0,282759.0,17084395.0
192,서울 용산구 이촌동,41208.0,2074.0,1050.0,525.0,8594.0,143824.0,305722.0,760372.0,1045424.0,810466.0,722673.0,684775.0,749827.0,804075.0,861063.0,969114.0,1089076.0,1130133.0,1053939.0,862909.0,635815.0,608708.0,498519.0,240206.0,14030091.0
193,서울 용산구 이태원동,115274.0,17803.0,8022.0,3381.0,26620.0,138548.0,366843.0,727774.0,1296704.0,1086509.0,844773.0,821453.0,946590.0,972573.0,1000270.0,1128124.0,1282784.0,1332073.0,1388869.0,1156827.0,881385.0,821264.0,725877.0,339895.0,17430235.0
194,서울 용산구 청파동,126005.0,28530.0,11107.0,12179.0,51890.0,240982.0,506769.0,1358188.0,2238985.0,1729930.0,1750885.0,1452496.0,1382562.0,1490879.0,1446560.0,1463443.0,1799033.0,1787051.0,2138183.0,1458450.0,1181783.0,1172955.0,1012719.0,480921.0,26322485.0
195,서울 용산구 한강로동,224372.0,47395.0,23968.0,16689.0,71627.0,404131.0,837574.0,2057408.0,3774038.0,2660210.0,1893011.0,1873550.0,2009586.0,2167878.0,2169745.0,2453598.0,2881857.0,3362258.0,4077202.0,2562797.0,1998094.0,1922669.0,1581714.0,767750.0,41839121.0
196,서울 용산구 한남동,301583.0,56594.0,24423.0,18556.0,115808.0,617568.0,1155729.0,2735139.0,4055276.0,3581916.0,2442165.0,2182333.0,2298165.0,2504786.0,2472365.0,2783319.0,3077667.0,3805076.0,4285547.0,3029111.0,2204302.0,2169443.0,1909760.0,1056028.0,48882659.0
197,서울 용산구 효창동,22518.0,6367.0,2667.0,2226.0,11787.0,62651.0,139817.0,330152.0,667378.0,501854.0,485905.0,387421.0,374966.0,440236.0,419762.0,442693.0,542211.0,544829.0,604088.0,475619.0,362447.0,354381.0,306382.0,145279.0,7633636.0
198,서울 용산구 후암동,34717.0,5928.0,0.0,0.0,0.0,64755.0,122439.0,334603.0,559662.0,411044.0,317582.0,332111.0,384106.0,392486.0,420410.0,448483.0,502801.0,531958.0,570896.0,416822.0,298916.0,296067.0,219305.0,121633.0,6786724.0
199,서울 은평구 갈현동,181807.0,15891.0,10226.0,3579.0,94113.0,252823.0,707797.0,1714568.0,1930189.0,1301995.0,1064022.0,991218.0,1106000.0,1153256.0,1141053.0,1327309.0,1662600.0,1571423.0,1818759.0,1604530.0,1155738.0,1093771.0,976386.0,577558.0,23456611.0
200,서울 은평구 구산동,91188.0,7553.0,1774.0,1877.0,134374.0,215171.0,414473.0,1069747.0,1155304.0,726053.0,587831.0,588114.0,614671.0,613151.0,604422.0,749452.0,949162.0,833713.0,891835.0,738373.0,558406.0,532453.0,490925.0,233027.0,12803049.0
201,서울 은평구 녹번동,66493.0,7974.0,370.0,100.0,75214.0,141069.0,278385.0,653956.0,891415.0,627172.0,514131.0,488446.0,520521.0,561650.0,543145.0,640740.0,719122.0,741488.0,877799.0,674632.0,479057.0,450644.0,390676.0,194036.0,10538235.0
202,서울 은평구 대조동,244075.0,77917.0,8554.0,2274.0,186338.0,359811.0,664514.0,1474658.0,1921703.0,1432596.0,1237268.0,1220120.0,1329332.0,1392761.0,1437528.0,1678015.0,1973535.0,1930408.0,2057161.0,1608746.0,1190246.0,1092035.0,988988.0,537129.0,26045712.0
203,서울 은평구 불광동,326631.0,85686.0,11026.0,2382.0,256333.0,529542.0,1205555.0,2802097.0,3387850.0,2384767.0,1981718.0,1891724.0,2060478.0,2084339.0,2077837.0,2487667.0,2913937.0,2793241.0,2962410.0,2436079.0,1779562.0,1608562.0,1435155.0,821564.0,40326142.0
204,서울 은평구 수색동,20569.0,4323.0,1101.0,1239.0,16407.0,54844.0,141860.0,282520.0,406975.0,240407.0,173787.0,155246.0,171360.0,170272.0,168824.0,200309.0,256674.0,287735.0,323545.0,226946.0,144352.0,128111.0,103500.0,58397.0,3739303.0
205,서울 은평구 신사동,159916.0,15242.0,7374.0,3640.0,117075.0,291055.0,634408.0,1613804.0,1902190.0,1225282.0,948666.0,897860.0,996738.0,1042637.0,1039945.0,1192513.0,1505586.0,1488976.0,1707887.0,1377280.0,968848.0,924007.0,837261.0,419494.0,21317684.0
206,서울 은평구 역촌동,86143.0,7292.0,6919.0,4114.0,91562.0,174509.0,340362.0,736496.0,904605.0,637379.0,515289.0,506788.0,570661.0,573053.0,564104.0,635941.0,761652.0,758270.0,812731.0,642266.0,491738.0,473975.0,418289.0,228255.0,10942393.0
207,서울 은평구 응암동,232482.0,41901.0,9046.0,5881.0,212006.0,563003.0,1258036.0,2825325.0,3412466.0,2345621.0,1896402.0,1805707.0,1962043.0,2032701.0,2049729.0,2358174.0,2795929.0,2752880.0,3092939.0,2523634.0,1771329.0,1650288.0,1461523.0,744825.0,39803870.0
208,서울 은평구 증산동,41813.0,160.0,0.0,0.0,34621.0,81179.0,175205.0,430135.0,588781.0,416230.0,324336.0,299762.0,321960.0,342956.0,353413.0,416512.0,484883.0,492840.0,566417.0,439739.0,332580.0,309461.0,303754.0,119714.0,6876451.0
209,서울 은평구 진관동,266672.0,75908.0,9528.0,5987.0,127732.0,332670.0,983511.0,2711773.0,3000454.0,1857730.0,1617398.0,1536160.0,1677326.0,1760547.0,1816035.0,2153786.0,2615655.0,2325392.0,2487070.0,2012915.0,1417237.0,1292639.0,1154249.0,608674.0,33847048.0
210,서울 종로구 가회동,0.0,0.0,0.0,0.0,0.0,225.0,25155.0,58275.0,66285.0,75045.0,62220.0,62925.0,59595.0,65130.0,67905.0,87165.0,100485.0,105780.0,82830.0,46575.0,34695.0,32685.0,20850.0,7230.0,1061055.0
211,서울 종로구 교남동,44008.0,9868.0,306.0,340.0,120.0,15940.0,66422.0,196050.0,258954.0,188932.0,180980.0,188544.0,177506.0,198661.0,224038.0,256719.0,285468.0,298745.0,286883.0,191910.0,180444.0,161173.0,137081.0,80772.0,3629864.0
212,서울 종로구 내자동,45528.0,264.0,0.0,0.0,20555.0,99453.0,240905.0,604756.0,1021617.0,878758.0,760264.0,728427.0,760294.0,850069.0,884523.0,1000379.0,1097836.0,1209837.0,1203541.0,729879.0,579615.0,559584.0,466756.0,234009.0,13976849.0
213,서울 종로구 무악동,1938.0,709.0,1.0,0.0,154.0,5959.0,15252.0,51728.0,57828.0,46361.0,41843.0,39990.0,42271.0,45675.0,45123.0,53350.0,58572.0,63458.0,65772.0,50374.0,36445.0,35376.0,31658.0,12696.0,802533.0
214,서울 종로구 부암동,64097.0,22.0,0.0,0.0,30863.0,158904.0,284449.0,628008.0,1094537.0,866668.0,903957.0,832334.0,833802.0,888205.0,1010357.0,1065969.0,1212559.0,1313710.0,1137574.0,791896.0,591999.0,534172.0,428952.0,227858.0,14900892.0
215,서울 종로구 사직동,75062.0,11508.0,4169.0,2880.0,103910.0,295258.0,395640.0,1020388.0,2003911.0,1524059.0,979949.0,935286.0,1014490.0,1093863.0,1082446.0,1214220.0,1349819.0,1630607.0,1807408.0,969457.0,728421.0,694441.0,548768.0,247814.0,19733774.0
216,서울 종로구 삼청동,0.0,0.0,0.0,0.0,0.0,585.0,27480.0,76695.0,113280.0,104235.0,84105.0,92790.0,96300.0,98475.0,109845.0,125505.0,139170.0,148680.0,121230.0,70905.0,63525.0,41730.0,23895.0,3570.0,1542000.0
217,서울 종로구 숭인동,203226.0,86910.0,49203.0,48539.0,223960.0,482507.0,536674.0,1009198.0,1573737.0,1236763.0,1073468.0,1072737.0,1192620.0,1313496.0,1306248.0,1331604.0,1408158.0,1498496.0,1466750.0,1057140.0,796364.0,743708.0,687478.0,444000.0,20842984.0
218,서울 종로구 이화동,157676.0,48309.0,12599.0,8451.0,177292.0,432232.0,643181.0,1437285.0,2441834.0,1715896.0,1277146.0,1228910.0,1309181.0,1575404.0,1672534.0,1845692.0,1863310.0,2004239.0,2025891.0,1256637.0,956349.0,1010472.0,903561.0,455859.0,26459940.0
219,서울 종로구 종로동,532967.0,137193.0,45622.0,43295.0,423305.0,1092774.0,1418636.0,3115899.0,6153238.0,4797744.0,3916657.0,4171364.0,4266764.0,4649426.0,4858060.0,5155174.0,5332391.0,6199578.0,6776577.0,3903310.0,3005594.0,2935943.0,2198879.0,1135423.0,76265813.0
220,서울 종로구 창신동,255306.0,116500.0,69444.0,79818.0,246366.0,451383.0,485512.0,756002.0,1248518.0,1115499.0,1014111.0,990605.0,1103618.0,1115569.0,1142378.0,1185516.0,1239138.0,1234918.0,1191097.0,1007000.0,770589.0,728546.0,661539.0,462674.0,18671646.0
221,서울 종로구 청운효자동,26497.0,777.0,714.0,189.0,27899.0,138363.0,281955.0,842843.0,1328972.0,960007.0,853753.0,834372.0,863266.0,1010178.0,1036422.0,1143718.0,1284491.0,1125129.0,1023889.0,587796.0,457556.0,420354.0,293869.0,134754.0,14677763.0
222,서울 종로구 평창동,52665.0,190.0,0.0,0.0,30589.0,139196.0,321118.0,781491.0,963395.0,743846.0,697683.0,634418.0,657613.0,714780.0,739166.0,855147.0,958030.0,1016617.0,878995.0,683698.0,514362.0,503437.0,418589.0,209061.0,12514086.0
223,서울 종로구 혜화동,288357.0,56891.0,11284.0,6812.0,241370.0,488110.0,635100.0,1376330.0,2326691.0,1741340.0,1430171.0,1553078.0,1641926.0,1790580.0,1839630.0,2024697.0,2081608.0,2273633.0,2383841.0,1716692.0,1484225.0,1725205.0,1589118.0,805607.0,31512296.0
224,서울 중구 광희동,293462.0,199231.0,115435.0,121783.0,199793.0,619738.0,519783.0,979793.0,2038900.0,1458939.0,1324480.0,1379530.0,1459345.0,1551561.0,1661010.0,1731128.0,1772935.0,1990223.0,2176551.0,1553634.0,1203101.0,1189575.0,958797.0,602028.0,27100755.0
225,서울 중구 다산동,45731.0,25630.0,11998.0,8811.0,31239.0,196137.0,249292.0,478294.0,769342.0,601560.0,427314.0,412312.0,457348.0,466527.0,482331.0,514409.0,573030.0,593525.0,651275.0,484651.0,389937.0,350516.0,305269.0,171281.0,8697759.0
226,서울 중구 동화동,29589.0,7402.0,1638.0,1974.0,26766.0,105115.0,99272.0,170467.0,264853.0,234861.0,175107.0,174638.0,192793.0,199889.0,197982.0,214121.0,223612.0,243170.0,279870.0,224087.0,184163.0,170861.0,150061.0,87741.0,3660032.0
227,서울 중구 명동,257625.0,60901.0,23822.0,19437.0,159267.0,559613.0,764929.0,2116714.0,3760145.0,2826278.0,2167900.0,2289479.0,2323675.0,2426539.0,2401790.0,2621963.0,2654044.0,3144506.0,3727274.0,2399947.0,2036468.0,1768454.0,1414004.0,735903.0,42660677.0
228,서울 중구 소공동,137272.0,53185.0,23552.0,17974.0,160589.0,490362.0,690719.0,1580900.0,3026461.0,1952936.0,1291553.0,1420107.0,1455546.0,1654180.0,1761363.0,1980508.0,2083495.0,2617208.0,3353297.0,1644794.0,1371888.0,1281865.0,937887.0,466001.0,31453642.0
229,서울 중구 신당동,89748.0,34031.0,26311.0,21108.0,70326.0,337072.0,426918.0,694829.0,1169213.0,951016.0,785123.0,803143.0,882566.0,865056.0,867189.0,925935.0,1021250.0,1044364.0,1157982.0,930341.0,708332.0,665042.0,608625.0,394529.0,15480049.0
230,서울 중구 약수동,52286.0,12725.0,6250.0,5037.0,14251.0,105939.0,214272.0,467940.0,753223.0,557781.0,412722.0,396104.0,417609.0,429549.0,430206.0,482408.0,520477.0,582087.0,702410.0,586933.0,440684.0,407410.0,360480.0,184963.0,8543746.0
231,서울 중구 을지로동,132977.0,23326.0,5824.0,5044.0,89967.0,225658.0,247127.0,515125.0,987440.0,651176.0,507916.0,540296.0,535950.0,563453.0,594700.0,624791.0,666402.0,817653.0,1014754.0,556989.0,416959.0,442573.0,393337.0,233672.0,10793109.0
232,서울 중구 장충동,31643.0,8849.0,3929.0,5184.0,7754.0,87588.0,206716.0,336166.0,761157.0,553197.0,487278.0,490707.0,484447.0,515950.0,546387.0,571700.0,606984.0,668323.0,830708.0,462509.0,383607.0,380328.0,259607.0,115479.0,8806197.0
233,서울 중구 주교동,3124.0,53.0,0.0,0.0,10.0,3576.0,25088.0,58954.0,140211.0,77348.0,54450.0,56832.0,57212.0,61011.0,62464.0,63830.0,71766.0,111219.0,135492.0,57824.0,34877.0,30957.0,22290.0,11452.0,1140040.0
234,서울 중구 중림동,86290.0,20430.0,9751.0,9927.0,57897.0,205507.0,309661.0,626495.0,1102719.0,673824.0,501783.0,538728.0,576312.0,642418.0,633178.0,700413.0,802053.0,962600.0,1215239.0,787775.0,571218.0,547316.0,478528.0,235376.0,12295438.0
235,서울 중구 청구동,26132.0,3440.0,735.0,756.0,231.0,22221.0,65595.0,147705.0,268132.0,187097.0,165478.0,169857.0,187461.0,208716.0,208190.0,254435.0,294745.0,309020.0,389940.0,326993.0,244658.0,233515.0,233025.0,128642.0,4076719.0
236,서울 중구 필동,25236.0,15666.0,9490.0,8242.0,35330.0,133014.0,174477.0,368272.0,711649.0,536334.0,461226.0,504891.0,543085.0,578601.0,601602.0,667355.0,687836.0,756128.0,871753.0,582108.0,410695.0,375718.0,258094.0,117208.0,9434010.0
237,서울 중구 황학동,57615.0,12574.0,714.0,1323.0,3354.0,45519.0,130932.0,247255.0,392401.0,334691.0,295853.0,293451.0,313925.0,292349.0,291688.0,314817.0,354161.0,378517.0,426216.0,350202.0,268466.0,259748.0,236526.0,156248.0,5458545.0
238,서울 중구 회현동,353029.0,107367.0,36191.0,41469.0,271923.0,972290.0,1131205.0,2125500.0,3364068.0,2698916.0,2255922.0,2411862.0,2644988.0,2691849.0,2696003.0,2995660.0,3091976.0,3462924.0,3774379.0,2342049.0,1822468.0,1733610.0,1407972.0,756474.0,45190094.0
239,서울 중랑구 망우동,163831.0,35050.0,1712.0,682.0,187367.0,404509.0,645167.0,1649108.0,2204056.0,1270351.0,1116290.0,1056918.0,1170485.0,1200446.0,1174371.0,1398290.0,1773641.0,1697953.0,1899921.0,1566027.0,959349.0,852996.0,676481.0,367762.0,23472763.0
240,서울 중랑구 면목동,487988.0,109627.0,47833.0,42053.0,605987.0,1209780.0,2119812.0,4896075.0,7096253.0,4390433.0,3370336.0,3064401.0,3499938.0,3614626.0,3498558.0,4178927.0,5093776.0,5289787.0,5715200.0,5229643.0,3265153.0,2961689.0,2430563.0,1236065.0,73454503.0
241,서울 중랑구 묵동,99614.0,32005.0,20436.0,21996.0,161959.0,219633.0,371242.0,848338.0,1186285.0,819497.0,662968.0,641381.0,704555.0,759227.0,726750.0,819285.0,956254.0,982186.0,1084545.0,935892.0,667243.0,599221.0,543994.0,307817.0,14172323.0
242,서울 중랑구 상봉동,285780.0,61063.0,18853.0,17548.0,325697.0,573371.0,975611.0,2113882.0,3180680.0,1928034.0,1626119.0,1582267.0,1814955.0,1917363.0,1900414.0,2126505.0,2507150.0,2732093.0,3227401.0,2665053.0,1738428.0,1574071.0,1273794.0,633406.0,36799538.0
243,서울 중랑구 신내동,196066.0,24832.0,782.0,8121.0,194336.0,424041.0,921449.0,2426133.0,3239321.0,1758595.0,1349734.0,1287182.0,1348169.0,1506430.0,1485548.0,1693551.0,2032158.0,2192716.0,2535276.0,2055873.0,1324985.0,1186744.0,1024520.0,501017.0,30717579.0
244,서울 중랑구 중화동,128447.0,32664.0,16276.0,14118.0,172614.0,314354.0,472182.0,1012202.0,1529779.0,960880.0,747470.0,720406.0,778788.0,818201.0,793670.0,868223.0,1054798.0,1122895.0,1325696.0,1142470.0,780903.0,704396.0,633412.0,368939.0,16513783.0
